FILENAME, Q8.csv,,,,,,,
filesize, 272 bytes,,,,,,,
n columns,10,,,,,,,
n variables,5,,,,,,,
n coders per var,2,,,,,,,
 ,,,,,,,,
 ,Percent Agreement,Scott's Pi,Cohen's Kappa,Krippendorff's Alpha,N Agreements,N Disagreements,N Cases,N Decisions
Variable 1 (cols 1 & 2),100,1,1,1,11,0,11,22
Variable 2 (cols 3 & 4),100,1,1,1,11,0,11,22
Variable 3 (cols 5 & 6),100,1,1,1,11,0,11,22
Variable 4 (cols 7 & 8),100,1,1,1,11,0,11,22
Variable 5 (cols 9 & 10),100,1,1,1,11,0,11,22
 ,100,1,1,1,,,,
* * *,,,,,,,,
 ,,,,,,,,
