FILENAME, Q3.csv,,,,,,,
filesize, 944 bytes,,,,,,,
n columns,20,,,,,,,
n variables,10,,,,,,,
n coders per var,2,,,,,,,
 ,,,,,,,,
 ,Percent Agreement,Scott's Pi,Cohen's Kappa,Krippendorff's Alpha,N Agreements,N Disagreements,N Cases,N Decisions
Variable 1 (cols 1 & 2),100,1,1,1,21,0,21,42
Variable 2 (cols 3 & 4),100,1,1,1,21,0,21,42
Variable 3 (cols 5 & 6),100,1,1,1,21,0,21,42
Variable 4 (cols 7 & 8),100,1,1,1,21,0,21,42
Variable 5 (cols 9 & 10),95.23809524,-0.024390244,-2.33E-15,0,20,1,21,42
Variable 6 (cols 11 & 12),95.23809524,-0.024390244,-2.33E-15,0,20,1,21,42
Variable 7 (cols 13 & 14),100,1,1,1,21,0,21,42
Variable 8 (cols 15 & 16),100,1,1,1,21,0,21,42
Variable 9 (cols 17 & 18),100,1,1,1,21,0,21,42
Variable 10 (cols 19 & 20),100,1,1,1,21,0,21,42
 ,99.04761905,0.795121951,0.8,0.8,,,,
* * *,,,,,,,,
 ,,,,,,,,
