FILENAME, Q2.csv,,,,,,,
filesize, 650 bytes,,,,,,,
n columns,10,,,,,,,
n variables,5,,,,,,,
n coders per var,2,,,,,,,
 ,,,,,,,,
 ,Percent Agreement,Scott's Pi,Cohen's Kappa,Krippendorff's Alpha,N Agreements,N Disagreements,N Cases,N Decisions
Variable 1 (cols 1 & 2),96.55172414,0.837535014,0.837988827,0.840336134,28,1,29,58
Variable 2 (cols 3 & 4),96.55172414,-0.01754386,3.22E-15,0,28,1,29,58
Variable 3 (cols 5 & 6),100,1,1,1,29,0,29,58
Variable 4 (cols 7 & 8),100,1,1,1,29,0,29,58
Variable 5 (cols 9 & 10),100,1,1,1,29,0,29,58
 ,98.62068966,0.763998231,0.767597765,0.768067227,,,,
* * *,,,,,,,,
 ,,,,,,,,
