FILENAME, Q7.csv,,,,,,,
filesize, 274 bytes,,,,,,,
n columns,12,,,,,,,
n variables,6,,,,,,,
n coders per var,2,,,,,,,
 ,,,,,,,,
 ,Percent Agreement,Scott's Pi,Cohen's Kappa,Krippendorff's Alpha,N Agreements,N Disagreements,N Cases,N Decisions
Variable 1 (cols 1 & 2),100,1,1,1,9,0,9,18
Variable 2 (cols 3 & 4),100,1,1,1,9,0,9,18
Variable 3 (cols 5 & 6),100,1,1,1,9,0,9,18
Variable 4 (cols 7 & 8),100,1,1,1,9,0,9,18
Variable 5 (cols 9 & 10),100,1,1,1,9,0,9,18
Variable 6 (cols 11 & 12),100,1,1,1,9,0,9,18
 ,100,1,1,1,,,,
* * *,,,,,,,,
 ,,,,,,,,
